id;title;keywords;description;rating;date_added;date_modified
1;تن;مدیرفروش;cross-platform اصلی;35091;2022-12-17;2022-12-16
2;کامپیوتر میراث سپرده;THX ماشین;صابون حساب;40879;2022-12-17;2022-12-17
3;نکردنی نروژ;compressing از قرمز;Bedfordshire نیوزیلند توانمند;4184;2022-12-17;2022-12-17
4;digital;کرون سفید;رامین;95487;2022-12-17;2022-12-17
5;نیلی JSON کردستان;استیل;الکترونیکی;27331;2022-12-17;2022-12-17
6;فلزی چیپس;کیبورد;آفریقا ای pixel;28408;2022-12-17;2022-12-17
7;آذربایجان پولدار گیلان;virtual متمرکز العاده;Buckinghamshire;8835;2022-12-17;2022-12-16
8;سازی;application سیاه شبیه;خوزستان کوچک کوچک;5859;2022-12-17;2022-12-17
9;مرکب;back-end ملی سازي;ها;67286;2022-12-17;2022-12-16
10;transmit باور IB;آمریکا ارگونومیک;افغانی;90493;2022-12-17;2022-12-16
